{
	"vitis" : "2020.2",
	"device_name" : "xilinx_u200_xdma_201830_2",
	"containers": [
	{
		"name": "compress_decompress",
		"meet_system_timing": "true",
		"accelerators": [
		{
			"name": "xilLz4Compress",
			"check_timing": "true",
			"PipelineType": "none",
			"check_latency": "true",
			"check_warning": "true",
			"FMax" : "278 MHz",
			"Resources" : {
				"LUT" : "47191",
				"LUTAsMem" : "10741",
				"REG" : "47907",
				"BRAM" : "56",
				"URAM" : "48",
				"DSP" : "3"
			}
		},
		{
			"name": "xilLz4Decompress",
			"check_timing": "true",
			"PipelineType": "none",
			"check_latency": "true",
			"check_warning": "true",
			"FMax" : "278 MHz",
			"Resources" : {
				"LUT" : "8129",
				"LUTAsMem" : "805",
				"REG" : "7595",
				"BRAM" : "2",
				"URAM" : "4",
				"DSP" : "0"
			}
		}
		]
	}
	]
}