{
    "name": "Xilinx ZSTD Decompression", 
    "description": [
        "Xilinx ZSTD Decompression for 32KB block since with 4 Byte data width"
    ], 
    "flow": "vitis", 
    "default_device": "u200",
    "platform_blacklist": [], 
    "platform_whitelist": [
        "u200", 
        "u250", 
        "u50", 
        "u280", 
        "vck190", 
        "aws-vu9p-f1"
    ], 
    "launch": [
        {
            "cmd_args": "-xbin BUILD/xilZstdDecompressStream.xclbin -d PROJECT/data/sample.txt.zst", 
            "name": "generic launch for all flows"
        }
    ], 
    "post_launch": [
        {
            "launch_cmd": [
                "XCL_EMULATION_MODE=$(TARGET) ./run.sh HOST_EXE LIB_DIR BUILD/xilZstdDecompressStream.xclbin"
            ]
        }
    ],
    "data": [
        "PROJECT/data/sample.txt",
        "PROJECT/data/sample.txt.zst"                                                 
    ],   
    "host": {
        "host_exe": "xil_zstd", 
        "compiler": {
            "sources": [
                "./src/host.cpp", 
                "LIB_DIR/common/libs/compress/zstdOCLHost.cpp", 
                "LIB_DIR/common/libs/compress/zstdApp.cpp", 
                "LIB_DIR/common/libs/compress/compressApp.cpp", 
                "LIB_DIR/common/libs/xcl2/xcl2.cpp", 
                "LIB_DIR/common/libs/cmdparser/cmdlineparser.cpp", 
                "LIB_DIR/common/libs/logger/logger.cpp"
            ], 
            "includepaths": [
                "LIB_DIR/common/libs/compress/",
                "LIB_DIR/L2/include", 
                "LIB_DIR/L1/include/hw", 
                "LIB_DIR/L2/tests/src"
            ], 
            "symbols": [
                "ZSTD_BLOCK_SIZE_KB=32"
            ]
        }
    }, 
    "v++": {
        "compiler": {
            "symbols": [
                "INZSTD=1", 
                "INPUT_BYTES=4",
                "OUTPUT_BYTES=8",
                "ZSTD_BLOCK_SIZE_KB=32" 
            ],
            "includepaths": [
                "LIB_DIR/L2/tests/src", 
                "LIB_DIR/../security/L1/include" 
            ]
        }
    }, 
    "containers": [
        {
            "name": "xilZstdDecompressStream", 
            "ldclflags": "--config PROJECT/connectivity.cfg", 
            "accelerators": [
                {
                    "name": "xilGzipS2MM", 
                    "location": "LIB_DIR/L2/tests/src/gzip_dm_s2mm.cpp"
                }, 
                {
                    "name": "xilGzipMM2S", 
                    "location": "LIB_DIR/L2/tests/src/gzip_dm_mm2s.cpp"
                }, 
                {
                    "name": "xilZstdDecompressStream", 
                    "location": "LIB_DIR/L2/src/zstd_decompress_stream.cpp"
                }
            ]
        }
    ],
    "output_files": [
            "data/sample.txt.*",
            "sample_run.*",
            "test.list"
    ],          
    "testinfo": {
        "disable": false, 
        "jobs": [
            {
                "index": 0, 
                "dependency": [], 
                "env": "", 
                "cmd": "", 
                "max_memory_MB": {
                    "vitis_hw_build": 40960, 
                    "vitis_hw_emu": 28672, 
                    "vitis_sw_emu": 10240, 
                    "vitis_hw_run": 10240
                }, 
                "max_time_min": {
                    "vitis_hw_build": 470, 
                    "vitis_hw_emu": 300, 
                    "vitis_sw_emu": 25, 
                    "vitis_hw_run": 10
                }
            }
        ], 
        "targets": [
            "vitis_sw_emu", 
            "vitis_hw_emu", 
            "vitis_hw"
        ], 
        "category": "canary"
    }, 
    "platform_properties": {
        "vck190": {
            "host": {
                "linker": {
                    "librarypaths": [
                        "$(SYSROOT)/usr/lib", 
                        "${SYSROOT}/opt/xilinx/xrt/lib"
                    ]
                }, 
                "compiler": {
                    "includepaths": [
                        "$(SYSROOT)/usr/include"
                    ], 
                    "options": "--sysroot=$(SYSROOT)"
                }
            }
        }
    }
}
