{
    "name": "Xilinx LZ4 Streaming Compression and Decompression", 
    "description": [
        "LZ4-Streaming Compression and Decompression"
    ], 
    "flow": "vitis", 
    "launch": [
        {
            "cmd_args": "-xbin BUILD/compress_decompress_streaming.xclbin -t PROJECT/data/sample.txt", 
            "name": "generic launch for all flows"
        }
    ], 
    "post_launch": [
        {
            "launch_cmd": [
                "XCL_EMULATION_MODE=$(TARGET) ./run.sh HOST_EXE LIB_DIR BUILD/compress_decompress_streaming.xclbin"
            ]
        }
    ], 
    "default_device": "u200",
    "platform_blacklist": [
        "zc"
    ], 
    "platform_whitelist": [
        "u200", 
        "u250", 
        "u50", 
        "vck190", 
        "aws-vu9p-f1"
    ],
    "data": [
        "PROJECT/data/sample.txt"                                                                                
    ],   
    "host": {
        "host_exe": "xil_lz4_streaming", 
        "compiler": {
            "sources": [
                "./src/host.cpp", 
                "LIB_DIR/common/libs/compress/lz4OCLHost.cpp",
                "LIB_DIR/common/libs/compress/lz4Base.cpp",
                "LIB_DIR/common/libs/compress/lz4App.cpp",
                "LIB_DIR/common/libs/compress/compressApp.cpp",
                "LIB_DIR/common/libs/xcl2/xcl2.cpp", 
                "LIB_DIR/common/libs/cmdparser/cmdlineparser.cpp", 
                "LIB_DIR/common/libs/logger/logger.cpp", 
                "LIB_DIR/common/thirdParty/xxhash/xxhash.c"
            ], 
            "includepaths": [
                "LIB_DIR/L1/include/hw",
                "LIB_DIR/common/thirdParty/xxhash",
                "LIB_DIR/common/libs/compress/"
            ] 
        }
    },
    "v++": {
        "compiler": {
            "includepaths": [
                "LIB_DIR/L2/tests/src",
                "LIB_DIR/../security/L1/include"
            ]   
        }
    },
    "containers": [
        {
            "name": "compress_decompress_streaming", 
            "ldclflags": "--config PROJECT/connectivity.cfg", 
            "accelerators": [
                {
                    "name": "xilLz4CompressStream",
                    "clflags": "-DPARALLEL_BLOCK=8", 
                    "location": "LIB_DIR/L2/src/lz4_compress_stream.cpp"
                }, 
                {
                    "name": "xilCompDatamover", 
                    "location": "LIB_DIR/L2/tests/src/block_comp_dm.cpp"
                }, 
                {
                    "name": "xilLz4DecompressStream",
                    "clflags": "-DPARALLEL_BLOCK=1 -DMULTIPLE_BYTES=8", 
                    "location": "LIB_DIR/L2/src/lz4_multibyte_decompress_stream.cpp"
                }, 
                {
                    "name": "xilDecompDatamover", 
                    "location": "LIB_DIR/L2/tests/src/block_decomp_multibyte_dm.cpp"
                }
            ]
        }
    ], 
    "output_files": [
            "data/sample.txt.*",
            "sample_run.*",
            "test.list"
    ], 
    "testinfo": {
        "disable": false, 
        "jobs": [
            {
                "index": 0, 
                "dependency": [], 
                "env": "", 
                "cmd": "", 
                "max_memory_MB": {
                    "vitis_hw_build": 40960, 
                    "vitis_hw_emu": 28672, 
                    "vitis_sw_emu": 10240, 
                    "vitis_hw_run": 10240
                }, 
                "max_time_min": {
                    "vitis_hw_build": 470, 
                    "vitis_hw_emu": 300, 
                    "vitis_sw_emu": 25, 
                    "vitis_hw_run": 10
                }
            }
        ], 
        "targets": [
            "vitis_sw_emu", 
            "vitis_hw_emu", 
            "vitis_hw_build", 
            "vitis_hw_run"
        ], 
        "category": "canary"
    }, 
    "platform_properties": {
        "vck190": {
            "host": {
                "linker": {
                    "librarypaths": [
                        "$(SYSROOT)/usr/lib", 
                        "${SYSROOT}/opt/xilinx/xrt/lib"
                    ]
                }, 
                "compiler": {
                    "includepaths": [
                        "$(SYSROOT)/usr/include"
                    ], 
                    "options": "--sysroot=$(SYSROOT)"
                }
            }
        }
    }
}
